{"cameraMode":{"drawMode":0,"name":"Shaded","section":"Shading Mode"},"sceneLighting":true,"audioPlay":false,"sceneViewState":{"showFog":true,"showMaterialUpdate":true,"showSkybox":true,"showFlares":true,"showImageEffects":true,"showParticleSystems":true},"in2DMode":false,"pivot":{"x":0.053209662437438968,"y":-0.6499744653701782,"z":0.25292468070983889},"rotation":{"x":-0.1924383044242859,"y":-0.2221418023109436,"z":0.04484620690345764,"w":-0.9548178315162659},"size":298.23541259765627,"orthographic":true}