{"cameraMode":{"drawMode":0,"name":"Shaded","section":"Shading Mode"},"sceneLighting":false,"audioPlay":false,"sceneViewState":{"showFog":true,"showMaterialUpdate":true,"showSkybox":true,"showFlares":true,"showImageEffects":true,"showParticleSystems":true},"in2DMode":false,"pivot":{"x":-0.053211212158203128,"y":-447.35003662109377,"z":-1050.2529296875},"rotation":{"x":-0.14228446781635285,"y":0.837003767490387,"z":-0.258362740278244,"w":-0.4609454274177551},"size":285.78839111328127,"orthographic":true}