{"cameraMode":{"drawMode":0,"name":"Shaded","section":"Shading Mode"},"sceneLighting":true,"audioPlay":false,"sceneViewState":{"showFog":true,"showMaterialUpdate":true,"showSkybox":true,"showFlares":true,"showImageEffects":true,"showParticleSystems":true},"in2DMode":false,"pivot":{"x":125.51113891601563,"y":-98.642822265625,"z":408.17919921875},"rotation":{"x":0.22049173712730409,"y":0.2030937820672989,"z":-0.046996887773275378,"w":0.9528561234474182},"size":674.4658203125,"orthographic":false}