{"cameraMode":{"drawMode":0,"name":"Shaded","section":"Shading Mode"},"sceneLighting":false,"audioPlay":false,"sceneViewState":{"showFog":true,"showMaterialUpdate":true,"showSkybox":true,"showFlares":true,"showImageEffects":true,"showParticleSystems":true},"in2DMode":false,"pivot":{"x":-10.941268920898438,"y":-111.01549530029297,"z":1.2169342041015626},"rotation":{"x":0.1603509932756424,"y":0.3635283410549164,"z":-0.06367471814155579,"w":0.9154689311981201},"size":233.34524536132813,"orthographic":false}