{"cameraMode":{"drawMode":0,"name":"Shaded","section":"Shading Mode"},"sceneLighting":false,"audioPlay":false,"sceneViewState":{"showFog":true,"showMaterialUpdate":true,"showSkybox":true,"showFlares":true,"showImageEffects":true,"showParticleSystems":true},"in2DMode":false,"pivot":{"x":69.87373352050781,"y":77.080810546875,"z":-375.70538330078127},"rotation":{"x":-0.24990101158618928,"y":0.4097249507904053,"z":-0.11777123063802719,"w":-0.8693873286247253},"size":275.522216796875,"orthographic":false}