{"cameraMode":{"drawMode":0,"name":"Shaded","section":"Shading Mode"},"sceneLighting":false,"audioPlay":false,"sceneViewState":{"showFog":true,"showMaterialUpdate":true,"showSkybox":true,"showFlares":true,"showImageEffects":true,"showParticleSystems":true},"in2DMode":false,"pivot":{"x":13.888839721679688,"y":-58.12185287475586,"z":-8.1307373046875},"rotation":{"x":0.29841896891593935,"y":0.3559885025024414,"z":-0.1211000606417656,"w":0.8772435784339905},"size":233.34524536132813,"orthographic":false}