{"cameraMode":{"drawMode":0,"name":"Shaded","section":"Shading Mode"},"sceneLighting":false,"audioPlay":false,"sceneViewState":{"showFog":true,"showMaterialUpdate":true,"showSkybox":true,"showFlares":true,"showImageEffects":true,"showParticleSystems":true},"in2DMode":false,"pivot":{"x":271.60308837890627,"y":-162.29100036621095,"z":664.3108520507813},"rotation":{"x":0.032347992062568668,"y":0.9136021137237549,"z":-0.07416384667158127,"w":0.39848792552948},"size":233.49105834960938,"orthographic":true}